,Users,Session
0,1,202206231546
1,1,202206231543
2,1,202206231326
3,1,202206221351
4,1,202206221350
5,1,202206221349
6,1,202206220830
7,1,202206211338
8,1,202206211152
9,1,202206211148
10,1,202206211146
11,1,202206211144
12,1,202206211117
13,1,202206211116
14,1,202206210756
15,1,202206210753
16,1,202206210007
17,1,202206201758
18,1,202206201735
19,1,202206201607
20,1,202206201606
21,1,202206201458
22,1,202206201451
23,1,202206201450
24,1,202206201434
25,1,202206201433
26,1,202206201432
27,1,202206201431
28,1,202206201423
29,1,202206201417
30,1,202206201416
31,1,202206201415
32,1,202206201414
33,1,202206201411
34,1,202206201405
35,1,202206201401
36,1,202206201359
37,1,202206201357
38,1,202206201356
39,1,202206201353
40,1,202206201352
41,1,202206201351
42,1,202206201349
43,1,202206201340
44,1,202206201244
45,1,202206201155
46,1,202206201154
47,1,202206201153
48,1,202206201152
49,1,202206201150
50,1,202206201128
51,1,202206201127
52,1,202206201123
53,1,202206201122
54,1,202206201121
55,1,202206201118
56,1,202206201117
57,1,202206201116
58,1,202206201110
59,1,202206201108
60,1,202206201107
61,1,202206201106
62,1,202206201058
63,1,202206201057
64,1,202206201046
65,1,202206201042
66,1,202206201000
67,1,202206200959
68,1,202206200957
69,1,202206200956
70,1,202206200955
71,1,202206200945
72,1,202206200938
73,1,202206200935
74,1,202206200934
75,1,202206200933
76,1,202206200932
77,1,202206200922
78,1,202206200844
79,1,202206200842
80,1,202206171741
81,1,202206171736
82,1,202206171517
83,1,202206171423
84,1,202206171340
85,1,202206171109
86,1,202206171108
87,1,202206171107
88,1,202206171038
89,1,202206170946
90,1,202206170912
91,1,202206170834
92,1,202206170832
93,1,202206170800
94,1,202206170731
95,1,202206170042
96,1,202206161748
97,1,202206161743
98,1,202206161740
99,1,202206161739
100,1,202206161738
101,1,202206161735
102,1,202206161734
103,1,202206161733
104,1,202206161732
105,1,202206161731
106,2,202206200845
107,2,202206170840
